Stratum,Penetration,Altitude,SpeciesCode,North,East
14057270,130,706,galeld,5491648,2264613
3008096,14,44,angdie,6428291,2661857
3012906,84,12,galmac,6403000,2697900
3013781,114,61,scaery,6398753,2719639
1015696,124,91,neodiv,6619783,2621448
12000686,0,2,galbre,6022900,2435000
3013117,82,45,anguil,6402400,2690300
4008077,60,288,galbre,6347249,2796229
6007610,126,260,angaus,6209000,2625300
12048460,10,18,anguil,5714685,2220532
13064057,14,25,parane,5664526,2370181
15049604,48,65,saltru,5445771,2120767
2004284,0,5,gobcot,6498538,2666726
7000079,322,510,angdie,6296100,2730100
14018058,247,590,oncmyk,5592180,2266345
2005141,1,41,angdie,6488229,2663387
15011478,191,316,angdie,5551402,2112884
12049025,8,30,parcur,5711955,2212490
3003018,3,40,gobhut,6462800,2761000
1020129,51,30,parane,6598700,2588000
13040182,11,18,gobbre,5761300,2477100
13522369,48,150,gobbre,5596400,2323100
5008430,82,120,chefos,6304200,2928200
13045426,77,345,onctsh,5744608,2399272
12012977,15,75,angdie,5926978,2389933
4000214,0,0,galfas,6406300,2773000
3032654,222,190,scaery,6313500,2754100
2001738,4,20,parcur,6532000,2659200
14012266,283,934,saltru,5610157,2222116
4007603,30,99,gobhub,6350732,2926496
9005733,103,190,angdie,6027400,2719300
9007651,9,170,anguil,6017817,2674324
7026110,50,15,angdie,6157700,2696200
5012471,21,55,gobcot,6279414,2951966
1027300,1,20,galfas,6540769,2615515
4008077,60,288,galbre,6347236,2796227
3011240,40,5,gobcot,6412000,2734010
3017264,120,208,saltru,6379697,2762794
2004196,0,0,galmac,6499800,2666800
10000152,2,40,angdie,6071700,2475900
15057935,36,65,saltru,5421669,2177653
13037182,120,740,saltru,5771616,2405171
0,11,10,gamaff,6352400,2838400
10002957,8,30,gobbre,6035900,2492100
15056506,22,18,gobhub,5427600,2131300
11001976,2,1,parcur,6044200,2578710
7019468,184,520,parane,6186000,2759400
3009897,72,110,angdie,6419800,2760300
3038819,89,125,angdie,6294900,2685400
3013838,86,9,gamaff,6398163,2701175
3013157,83,11,scaery,6401502,2698810
2000661,5,5,anguil,6549400,2728500
14045206,21,30,gobbre,5530400,2326900
3017058,113,18,parane,6380720,2709994
13008966,17,180,galvul,5868900,2547000
13043286,18,5,galmac,5751800,2481800
8008466,31,280,angdie,6245700,2926300
10002296,2,129,galbre,6040949,2506200
14029990,220,270,oncmyk,5564300,2197800
13031694,7,25,saltru,5788500,2491800
2004626,3,40,parcur,6493600,2659200
14018650,262,661,galspd,5590608,2238502
2007203,12,50,gobbas,6465200,2699800
13511320,146,460,angdie,5658500,2297500
3006536,63,20,nospec,6435738,2705139
13037805,12,45,gobcot,5769400,2475600
10012654,1,5,parane,5986732,2528028
10000525,2,10,parcur,6059774,2479667
13050803,24,1,gobcot,5725328,2467887
4019911,119,521,angdie,6310803,2908889
9017197,9,25,hyrmen,5971000,2726200
9002739,11,120,galfas,6038600,2693000
4009943,21,10,gobhub,6342920,2860123
14012955,263,862,saltru,5605744,2265194
3015706,105,39,angaus,6387698,2706406
13063691,1,2,gobhub,5668000,2390000
4001622,9,60,galfas,6380700,2780000
12034488,22,140,galarg,5820126,2359061
3043722,362,357,ameneb,6253600,2767500
15056802,2,49,angdie,5426800,2049900
NA,NA,NA,angaus,6069753,2478448
13509813,176,530,galvul,5668754,2260002
1012654,0,1,parcur,6633200,2643300
3015147,69,18,retret,6391100,2734800
3034764,3,40,parcur,6307100,2656300
3001118,0,12,galfas,6488477,2755596
7048886,195,430,angdie,6050800,2728000
13508587,166,600,galmar,5676600,2295700
3020360,146,20,angaus,6364200,2728900
14029391,28,103,saltru,5564071,2332235
3011033,NA,10,galmac,6414486,2664283
0,14,120,parane,5933153,2397616
10011749,2,18,gobcot,5990041,2530522
14010982,289,596,nospec,5614538,2219633
10001109,3,30,galfas,6050800,2453500
14050819,260,580,saltru,5513240,2254919
10011037,7,40,saltru,5992500,2538000
0,16,35,angaus,5563500,2338300
13025331,44,130,saltru,5807791,2503995
14055994,163,410,galspd,5495700,2207630
NA,NA,NA,neobur,5708363,2401335
13069129,25,106,angaus,5599464,2347840
8026084,20,8,gobcot,6163117,2841599
6005196,17,400,saltru,6222300,2595300
15057285,0,26,galaxi,5424700,2052300
13524507,2,0,oncmyk,5584500,2363800
9008271,7,70,anguil,6015400,2672400
2001028,0,10,angaus,6544100,2672800
14032972,7,10,parane,5558334,2342172
10011571,4,30,galfas,5990800,2533300
2005675,0,0,parcur,6480700,2663200
14028492,21,58,galvul,5567526,2336695
3008313,52,13,retret,6427471,2698029
3007396,44,16,gobcot,6431578,2694009
15065035,0,75,angdie,5376800,2114300
13501849,224,788,nospec,5724922,2309022
3014458,94,18,angdie,6394500,2700400
12049688,4,20,parcur,5707700,2201300
5012408,5,25,anguil,6279100,2960400
9010660,13,85,gobcot,6003534,2676147
3024626,189,285,gobbas,6342300,2768500
14035265,185,370,saltru,5551000,2278400
6009710,23,265,angdie,6196960,2611368
14037559,7,36,chefos,5547808,2336993
3032119,278,290,oncmyk,6314900,2791400
NA,NA,NA,anguil,5781392,2310750
13038679,96,640,galvul,5765846,2409836
13030122,24,95,galvul,5793800,2483100
1006231,20,45,anguil,6665000,2573000
2009425,0,5,gobhut,6444400,2665900
13511111,148,520,galvul,5660930,2273670
13050651,27,1,gobbre,5727298,2468643
5000651,11,60,galarg,6378800,2975100
10001091,1,15,angdie,6050830,2484643
14052274,119,854,galeld,5508757,2267965
13065059,1,2,nospec,5655548,2376343
12027866,53,249,gobiom,5861449,2399987
13518381,143,493,saltru,5623932,2259737
14011639,343,430,saltru,5612000,2140300
13503967,210,834,galbre,5706556,2301254
14064481,23,70,saltru,5465400,2280400
NA,NA,NA,galmac,6079214,2703195
12005981,17,85,angdie,5963545,2432460
7009610,299,731,angdie,6228910,2723235
13043639,126,1065,galpau,5750866,2338201
14030935,171,640,saltru,5562260,2303077
14046271,204,770,galspd,5527474,2235478
14028492,21,58,galaxi,5567526,2336695
1009347,24,235,retret,6648800,2581100
12024814,59,115,anguil,5876700,2403100
13042824,8,6,nospec,5752832,2481277
10022270,90,400,galspn,5952700,2502800
2005795,2,20,galfas,6478200,2662100
3006967,20,20,angdie,6434100,2747100
12031485,2,10,angaus,5844000,2354600
3009321,73,120,galfas,6421800,2756100
3001004,1,28,gobhut,6490191,2742665
3032527,218,172,angaus,6311741,2753045
13011500,79,490,anguil,5857478,2525571
3014476,93,16,nospec,6394887,2706247
13011500,79,490,galvul,5857478,2525571
12030280,49,85,gobcot,5842400,2385100
2005635,6,30,angdie,6480800,2650400
12019415,143,340,saltru,5901800,2448100
12032450,11,100,angdie,5834200,2356700
3017058,113,19,hyrmen,6380470,2710130
9005874,18,150,galfas,6026200,2680900
6003738,22,173,angdie,6229100,2608900
13043644,90,360,gobbre,5750800,2416600
13523560,63,275,gobbre,5588362,2314742
3024594,190,160,parane,6341800,2691000
10006439,12,160,parane,6015210,2501082
13051457,0,5,gobhub,5724000,2501500
13052146,76,535,saltru,5720791,2361174
13009117,174,695,gobbre,5868300,2507100
9005308,16,140,galbre,6027900,2685200
14033856,26,220,parcur,5556400,2330200
3007911,15,20,galmac,6429803,2671502
13061543,6,30,gobbre,5681100,2400600
14058432,7,240,nospec,5488200,2317200
9013117,0,20,galmac,5994350,2648278
3013320,85,12,neodiv,6400800,2697600
9000255,1,2,retret,6050600,2689200
13043079,9,10,gobiom,5750952,2478476
3007013,20,15,galmac,6433479,2673454
15066464,4,141,gobhut,5345600,2118900
12010321,6,5,angdie,5937718,2390691
9015369,0,3,angaus,5983300,2657100
4001059,2,10,angaus,6385300,2785400
14017643,248,612,galano,5592397,2265899
9007534,89,100,nospec,6019625,2728329
3015814,104,15,scaery,6387357,2704371
14031958,193,323,saltru,5560079,2231122
14014276,258,480,saltru,5603800,2239300
3015080,104,20,angaus,6390908,2712828
3010709,64,10,parane,6416300,2693800
1010353,34,210,nospec,6642979,2588664
3002899,2,5,galfas,6464200,2763200
3033454,14,50,parcur,6310900,2661200
14071622,11,19,galmac,5423269,2257057
3016287,113,40,nospec,6385336,2709416
3018227,122,18,ameneb,6374664,2712876
3007283,29,25,parane,6431828,2748285
13054065,11,6,gobbre,5715887,2493688
3009175,93,30,parcur,6423800,2678500
14028492,21,58,saltru,5567466,2336318
7048215,6,10,angaus,6054900,2694600
7017868,160,510,parane,6192600,2710700
7046849,31,160,saltru,6060300,2711900
11017829,10,5,galarg,5969500,2589400
12037003,1,2,angdie,5805867,2324402
14041928,200,600,parcur,5538247,2278443
14038172,180,480,saltru,5547107,2283432
14041684,258,940,galspd,5538843,2258673
2004196,0,0,parcur,6499800,2666800
14058483,0,20,angdie,5487600,2325200
7035283,163,292,saltru,6110818,2770703
1010457,9,60,chefos,6643000,2628200
13512205,187,750,galpau,5654964,2239029
6002605,5,30,angdie,6238000,2607700
13019252,129,720,parcur,5828029,2435785
9003856,2,5,anguil,6034570,2680841
15055249,50,30,gobcot,5431100,2161200
3004239,70,157,angdie,6451171,2703008
10011985,1,5,angdie,5988800,2529400
10012096,6,118,galbre,5988411,2534421
14050536,164,698,parane,5513514,2245389
13045815,23,10,geoaus,5743200,2477200
13038367,2,4,angdie,5767743,2485825
14023847,220,480,hyrmen,5577537,2260238
3016589,111,40,galarg,6383454,2708416
3029838,227,320,parcur,6322074,2726749
4025301,123,390,parcur,6283245,2844042
2006561,3,35,hyrmen,6470552,2652412
7013025,160,120,parane,6214100,2663500
14018787,233,580,gobiom,5590300,2255900
12027502,19,30,gobhut,5863500,2376100
3013157,84,12,angaus,6401412,2698821
2004225,3,20,angdie,6499412,2660948
NA,NA,NA,oncmyk,6520570,2621543
14031533,172,647,galano,5561002,2303215
9017581,12,210,gobhut,5964700,2702100
7045938,6,28,caraur,6063695,2700707
3016115,109,40,angaus,6385904,2708885
12026980,37,80,gobhut,5865900,2388200
14015868,285,595,oncmyk,5598808,2197915
NA,NA,NA,gobcot,5606082,2309452
12006012,17,40,angdie,5963273,2432038
12024000,1,5,gobcot,5880600,2370300
10011130,2,15,gobiom,5992000,2534500
7047059,28,140,parane,6059400,2710500
3000325,3,15,angdie,6510500,2733400
10001222,1,19,gobcot,6049743,2485131
12048324,38,750,galbre,5716500,2260900
12015211,63,80,saltru,5919500,2418300
NA,4,40,hyrmen,6366755,2825243
6005173,69,141,gobhut,6222593,2641345
2006322,1,30,angdie,6473600,2663700
13042388,11,8,angdie,5753900,2479300
2008060,7,50,angdie,6456900,2686800
2004847,1,5,gamaff,6492000,2661100
2006798,7,37,hyrmen,6468753,2682310
9011520,35,15,angaus,6001602,2704491
3015706,105,39,gamaff,6387948,2706025
15052711,35,60,galaxi,5439200,2127600
0,1,30,angdie,5632517,3363371
8020244,120,685,oncmyk,6203577,2792879
3008641,59,7,cypcar,6426059,2703258
13054811,13,130,angdie,5713700,2497100
6005711,16,400,galfas,6219700,2593300
14024933,36,65,parcur,5575324,2339073
13514065,117,585,galvul,5645026,2323694
11007981,1,20,gobhut,6007110,2593870
7048892,194,360,parane,6051300,2728800
3000745,7,70,gobhut,6495300,2738100
1010353,34,210,neohel,6642768,2588784
3020529,134,52,angdie,6363162,2714491
13010710,191,780,gobbre,5861601,2497890
13504499,206,795,parcur,5703557,2303160
8005889,72,140,parane,6254778,2871078
4008077,60,288,nospec,6347081,2796259
4024857,127,570,saltru,6286300,2844800
11023153,13,50,angdie,5949300,2599500
6008893,22,430,parane,6201800,2600500
3035793,4,20,parane,6302944,2655281
14035726,175,230,saltru,5550800,2225200
14044144,1,3,anguil,5532800,2340700
3012631,80,20,galmac,6403847,2700314
7045906,10,27,galarg,6064239,2703264
13066278,2,5,gobcot,5641700,2370300
14020810,305,310,galbre,5584400,2142600
6002479,9,70,parane,6239300,2622600
13061848,26,130,parane,5680487,2372571
15067619,5,70,galgol,5327300,2113600
14070213,0,18,galarg,5434967,2277446
6010502,1,15,retret,6193600,2584600
14037012,11,68,chefos,5548914,2334823
13504549,203,1064,galpro,5702970,2297106
12029561,57,190,gobbre,5852200,2391400
9012051,34,2,neoapo,5999100,2704300
3023556,184,145,galdiv,6347800,2759295
14032313,172,566,nospec,5559100,2302125
13068277,14,71,angdie,5611314,2354315
8028365,111,315,parcur,6147800,2792700
13501852,225,800,galpau,5726200,2307500
13512444,136,430,galcob,5653901,2279282
3042642,11,30,gobiom,6280318,2657922
12049522,2,10,gobhut,5708800,2200700
13520760,67,215,onctsh,5609200,2312000
6010318,3,20,anguil,6194200,2584700
2005245,3,30,angaus,6486840,2653296
0,5,45,angaus,5842300,2356300
13037805,12,45,gobbre,5769400,2475600
12030566,44,93,gobiom,5841649,2382894
14029204,25,77,galcob,5566073,2333937
NA,NA,NA,nospec,5645815,2361417
4006018,8,70,anguil,6356985,2837554
7045436,36,110,chefos,6066240,2716450
12010973,65,100,galpos,5934900,2425800
3014131,89,35,caraur,6396874,2703330
1009193,2,20,parane,6649200,2620600
7040109,75,40,angaus,6087883,2732018
3010003,78,105,angaus,6419784,2764575
14060182,82,40,saltru,5482500,2239800
12033122,5,30,gobhut,5830700,2347800
10000045,0,0,galmac,6076700,2486900
13036948,6,9,saltru,5772300,2483100
9001187,8,40,galfas,6045400,2694000
13506514,192,880,galpau,5690058,2315893
3009321,74,150,gobbas,6422800,2756300
4000960,0,10,anguil,6386662,2793101
0,4,5,parcur,6697500,2532300
14017189,273,906,saltru,5595057,2248310
12029188,28,85,angdie,5854200,2375300
2004227,3,25,angdie,6499344,2660978
12045940,16,20,galmac,5737300,2253200
13519453,146,1090,parane,5617995,2268190
2001306,34,35,parcur,6539600,2649900
3000675,5,20,gobcot,6496900,2736900
13011213,188,780,saltru,5859521,2500978
2008720,8,175,parcur,6451735,2687666
15014813,160,205,gobcot,5537600,2095600
3006924,9,20,angdie,6433600,2761700
14058523,94,100,angdie,5487900,2235500
6005709,44,220,angdie,6219400,2619800
13056754,0,10,geoaus,5708000,2514500
9008816,5,52,galbre,6013761,2673001
14028593,18,72,galvul,5567449,2337546
9005733,103,190,angaus,6027400,2719300
7045906,10,27,angdie,6064239,2703264
13516550,132,430,parcur,5632420,2266063
13524267,6,15,parane,5584475,2359112
12028873,0,5,galbre,5856100,2360400
14028492,21,58,galcob,5567458,2336452
6008288,108,178,angaus,6205501,2632149
14051332,88,275,galdep,5510200,2311100
14058877,50,355,galeld,5485553,2312357
3040416,75,50,angaus,6289500,2679900
14056736,104,818,galpul,5493256,2249010
6004989,43,290,saltru,6222700,2612000
15029354,97,200,gobcot,5497872,2096879
10012654,1,5,angdie,5986732,2528028
1010353,34,210,neohel,6642821,2588777
13062281,30,135,galvul,5677842,2366079
13009741,3,25,gobcot,5866200,2558000
12034769,24,135,parane,5820900,2356900
4008791,52,285,saltru,6345365,2801983
2000236,0,12,gobhut,6555997,2723261
2009479,16,50,angaus,6443700,2681370
9,1,2,angaus,6470400,2672800
10000438,4,10,angaus,6061400,2464400
14054532,126,264,nospec,5500559,2221137
3003797,6,20,galfas,6454067,2760206
13042878,93,310,neobur,5752878,2425923
14051121,95,203,nospec,5512073,2284435
3010266,75,14,angaus,6418780,2699230
3010235,67,80,angdie,6418500,2757600
2004748,1,32,nospec,6492603,2658193
14071392,146,309,galspd,5425673,2223184
3007556,54,5,neodiv,6431500,2696700
10011854,15,180,angdie,5989619,2540765
6008330,108,170,angdie,6205400,2632100
14057270,130,706,galeld,5491891,2264501
14044423,212,486,gobbre,5532215,2265584
4003688,20,5,angaus,6369100,2808600
15050993,25,40,galbre,5444600,2052300
14024680,36,65,gobcot,5575324,2339073
13501849,224,791,galbre,5724941,2309019
14042777,41,140,galaxi,5536700,2319600
14009578,289,300,galbre,5618700,2185700
2004575,30,110,angdie,6495300,2641400
13046232,15,5,angaus,5741434,2479994
13519247,119,480,parcur,5619448,2277343
13511557,192,775,parane,5658592,2238975
4008077,60,288,gobcot,6347260,2796127
15059319,31,45,gobcot,5413600,2176300
6010731,23,180,saltru,6192700,2614000
15052505,11,21,chefos,5439300,2099400
14028492,21,58,galvul,5567526,2336695
13069094,26,70,gobbre,5600000,2347100
2006041,1,15,galfas,6476500,2657800
1000025,0,13,graham,6752963,2498318
3016115,109,40,angaus,6385878,2708700
10011761,1,4,galmac,5989963,2520781
NA,NA,NA,nospec,5586849,2217753
13046444,122,659,onctsh,5741380,2328392
11001818,1,5,galmac,6042862,2579019
14029106,25,75,gobbre,5566313,2334062
0,9,10,nospec,5819800,2337100
6012545,44,128,angaus,6182960,2644525
2005413,0,39,parane,6485100,2655700
13511111,148,520,galvul,5660930,2273670
10000305,0,10,galfas,6064900,2472000
10010547,1,20,anguil,5994900,2516600
1016547,13,140,parane,6616100,2630600
13047681,68,153,neobur,5736960,2430759
13060488,44,218,gobbre,5689127,2366492
3010188,66,90,parcur,6419100,2756600
3016967,108,30,angdie,6381355,2761891
13059651,84,750,galvul,5694151,2350948
3047125,358,360,galbre,6256700,2772300
13044392,10,5,gobgob,5748227,2483622
12030838,65,116,gobiom,5844380,2393469
15048278,0,2,gobhut,5450900,2011100
11032885,124,850,gobbre,5902100,2532500
14028492,21,58,saltru,5567466,2336318
12035422,19,15,galarg,5816300,2345900
9010689,5,178,angaus,6004267,2667853
13502495,208,715,hyrmen,5719281,2280974
3009576,73,130,angaus,6421800,2756100
15053819,33,100,gobiom,5435800,2117300
15057805,44,20,perflu,5423200,2189600
14029106,25,75,galcob,5566307,2334059
3013186,88,15,parane,6401100,2695400
14028492,21,58,saltru,5567509,2336651
2004950,1,10,gobcot,6490800,2660900
14042695,34,115,nospec,5536967,2324549
14042271,247,680,galano,5538100,2248100
6015275,2,35,hyrmen,6163510,2633010
14029106,25,75,galvul,5566307,2334059
3013892,91,20,galmac,6398100,2694900
15054294,23,40,angdie,5434200,2134800
3003056,3,30,anguil,6462165,2761172
7004511,276,535,galbre,6259200,2728400
14017389,248,609,gobbre,5593810,2266745
13507050,188,820,galmar,5686926,2315073
14029204,25,77,gobbre,5566198,2333952
12031876,1,5,gobhut,5838800,2351800
3013947,87,15,angaus,6397728,2700322
6002369,1,5,gobhut,6240200,2606500
1008653,36,240,nospec,6651900,2584800
13038679,97,670,angdie,5765900,2409300
8014354,5,16,galmac,6229735,2923645
2007714,28,175,galbre,6460126,2699280
3009064,85,160,angdie,6424300,2764400
8016667,39,482,retret,6221400,2841400
13520957,64,204,saltru,5605780,2311032
4025491,128,370,parcur,6282088,2833286
13510742,160,520,galmar,5663149,2307034
1004310,30,45,retret,6675700,2566700
11017507,19,30,parcur,5970700,2579350
7014075,167,951,angdie,6208564,2716266
8017057,5,119,angaus,6220097,2934865
0,4,20,galfas,6532101,2659266
3005467,2,15,angdie,6440400,2763200
11001820,0,15,galmac,6044500,2586200
2000570,54,50,gobhut,6550200,2652400
14069917,57,130,gobcot,5436400,2232500
9015241,2,50,gobhut,5984700,2656700
13050147,33,8,scaery,5728005,2469218
1019306,96,20,chefos,6603500,2607600
13019144,130,800,parcur,5828054,2435091
6007227,133,150,geoaus,6211200,2650700
15050238,49,59,parane,5446585,2119251
3030430,214,130,caraur,6315100,2748600
13063833,31,110,angdie,5666600,2354100
12029636,45,115,angdie,5851600,2384400
3014461,4,5,angaus,6394300,2670700
7037682,3,5,galmac,6100608,2700926
12045603,20,40,galarg,5740500,2256900
3029897,45,350,nospec,6321800,2685600
3029023,213,80,angaus,6324300,2714900
3031135,283,310,gobcot,6318000,2793000
14028806,200,195,gobcot,5571600,2211500
13045677,117,613,galpro,5743083,2336444
12042022,9,44,nospec,5769572,2287918
3015543,101,18,galfas,6388752,2697607
3013781,114,61,nospec,6398753,2719639
7041203,53,10,mugcep,6083315,2721036
6010502,2,15,angdie,6194100,2584700
0,1,11,angaus,6491300,2748800
13511005,144,475,angdie,5659600,2277700
13002550,224,1030,gobalp,5897600,2506000
4002967,11,40,gobhut,6372700,2932900
13511111,148,520,galmar,5660930,2273670
3034618,12,140,angaus,6306800,2658400
12033975,17,100,angdie,5826100,2354400
14059275,67,690,galpul,5484965,2258010
3014572,92,11,angdie,6394005,2700967
12026392,180,560,parcur,5869395,2453315
14028492,21,58,galvul,5567309,2335844
7045975,10,20,galarg,6063942,2702767
NA,NA,NA,nospec,6549187,2606714
12015674,4,157,gobbre,5916742,2380828
13518638,125,362,gobcot,5647500,2288800
14009359,298,927,galspd,5619515,2223029
14030148,15,68,galmac,5563270,2339000
10005142,0,0,chefos,6023100,2510300
3014630,66,15,parcur,6393300,2734500
13011701,0,5,galmac,5856700,2552600
3010550,31,8,gobgob,6416593,2733068
15061956,2,3,gobcot,5397512,2172623
12036969,4,20,gobcot,5806700,2328500
3006005,15,3,gobcot,6437800,2742700
9009997,1,40,gobhut,6007255,2669291
15052467,21,177,saltru,5439940,2106691
3002930,0,23,galmac,6463869,2764263
10000613,4,5,galmac,6057900,2461500
8027494,41,20,gobcot,6153800,2829400
15051163,72,200,parane,5443600,2170100
12033728,11,30,angdie,5826600,2350400
NA,NA,NA,gobbre,5745871,2456305
13049550,101,677,gobcot,5730650,2355625
14009457,298,889,galspd,5619403,2222980
0,3,25,parcur,6674900,2527500
7012242,179,740,saltru,6218046,2717279
8022903,32,81,gobbas,6186805,2827691
15019805,137,359,galgol,5522778,2109200
8019055,1,2,parcur,6210000,2856800
8008669,31,280,gobcot,6245600,2926400
1008041,5,4,angaus,6655486,2570356
14028042,208,379,gobbre,5568622,2237874
12030280,47,85,caraur,5844900,2385100
14060215,5,70,saltru,5481600,2316200
11029967,1,24,galbre,5922286,2602123
2005565,2,20,gobcot,6482100,2653300
3012541,78,11,ameneb,6403077,2700791
NA,NA,NA,neohel,6659405,2593684
1012404,150,110,angaus,6634200,2619700
2005826,12,50,angaus,6478294,2645947
5000405,0,200,galfas,6382300,2985600
6007479,130,320,anguil,6209400,2620000
10009624,4,5,galfas,5999182,2538116
3006798,21,4,galmac,6434300,2673200
3008641,60,15,gamaff,6425125,2703715
12030566,44,93,gobiom,5841649,2382894
12050593,11,220,galbre,5700700,2203200
14016508,245,598,nospec,5597138,2226323
13068215,12,66,galvul,5612700,2356200
14058455,159,371,galaxi,5486507,2217823
14061357,30,15,gobcot,5476924,2298515
13522041,48,171,nospec,5597955,2322808
3009891,83,220,parane,6420300,2768200
10013752,53,130,angdie,5983300,2492600
10000647,8,40,galfas,6057800,2476400
14067780,91,98,parane,5448400,2226300
3016877,113,18,angaus,6381903,2710288
4017064,56,95,oncmyk,6321437,2844988
3006500,58,20,parane,6435771,2701357
13502912,214,735,hyrmen,5716249,2312965
3000204,2,20,gobhut,6514500,2731800
6003071,3,40,saltru,6235633,2603031
12007951,0,3,gobcot,5949600,2411700
13065059,1,2,angdie,5655480,2376218
13030378,16,55,chefos,5793200,2489600
7044456,157,160,angdie,6070000,2734700
10012272,2,40,galaxi,5987842,2530514
3017996,134,30,neodiv,6375700,2706500
NA,NA,NA,galgra,6600293,2567291
14038062,167,150,parcur,5547400,2230200
6005924,16,390,gobhut,6218628,2590914
10000269,1,20,gobhub,6066300,2475700
8022294,108,580,angdie,6191400,2787400
3015549,12,70,galfas,6388477,2672354
9015713,14,50,angdie,5982500,2671400
8017582,97,310,saltru,6217944,2823985
15033266,120,310,angaus,5489300,2129400
14060926,135,270,nospec,5480200,2228400
14063996,12,1,gobcot,5465500,2288500
10000145,0,26,galmac,6072256,2485471
13043881,88,286,gobbre,5749799,2424892
14062755,41,402,galeld,5473400,2273400
2005114,1,10,galfas,6488500,2691100
15037444,66,150,gobbre,5477424,2094008
13017568,17,54,anguil,5834643,2530667
12007905,117,360,gobbre,5950300,2454800
0,9,20,gobbre,5644500,2366400
13008809,11,120,galmac,5869100,2552000
14029106,25,75,galvul,5566307,2334059
10000620,2,15,angdie,6057665,2480488
12033525,3,3,galmac,5828400,2343600
1002133,1,15,angdie,6693400,2560500
3023515,171,50,geoaus,6347700,2699700
14053286,83,255,nospec,5504068,2292949
13518496,115,470,gobbre,5623376,2278255
14023763,192,620,galano,5577471,2297470
14028492,21,58,galvul,5567296,2335955
4003752,9,10,retret,6368000,2813500
0,30,30,scaery,5746500,2474300
3000330,3,10,gobhut,6510400,2733500
2003834,1,28,galfas,6503788,2664250
3012541,78,11,angdie,6404718,2700638
14032871,11,12,tintin,5558400,2339000
14059377,65,340,angdie,5485200,2286100
0,154,110,parane,6635000,2628900
9007483,12,256,parane,6019510,2674531
0,136,450,galcob,5653902,2279277
2000696,0,5,angaus,6548400,2725900
3018329,129,30,angdie,6372400,2718000
13046908,82,210,nospec,5740000,2422300
10009830,11,30,parane,5997521,2510872
1010353,34,210,nospec,6642645,2588844
2003307,1,30,galfas,6509776,2673400
7045468,0,1,perflu,6065700,2694800
13516746,122,427,galcob,5632488,2274044
12051011,2,5,galarg,5698400,2190500
2002581,6,70,oncmyk,6519800,2621800
2004039,1,40,gobhut,6500683,2664517
3032527,218,172,gamaff,6311741,2753045
11023163,88,380,saltru,5947500,2526400
15040092,83,200,galsps,5472200,2131700
3043283,6,10,galmac,6276700,2653500
13033246,1,2,gobbre,5784100,2492800
3012541,78,11,gamaff,6402750,2700840
0,3,50,parane,5795300,2312400
3044820,333,479,saltru,6270642,2790744
15058143,6,2,angdie,5421000,2125400
4001685,2,10,aldfor,6379884,2787148
12006693,12,189,galpos,5958012,2426298
8019520,3,40,angaus,6207329,2853231
4012599,68,285,oncmyk,6335300,2793300
13009468,154,630,parcur,5867100,2521700
2004450,5,40,angaus,6496500,2664000
14069590,16,26,gobcot,5439080,2265920
10008716,0,15,angaus,6003388,2545585
5012981,9,5,galmac,6273600,2942300
9013843,6,155,perflu,5988911,2656599
3018032,122,37,angaus,6375809,2710445
3010516,62,37,mugcep,6416925,2695557
12045374,25,70,angdie,5742400,2259500
3001019,0,11,galfas,6490160,2756245
1002903,4,26,gobcot,6684922,2528746
10013128,6,16,gobcot,5985304,2519864
14037021,12,104,saltru,5549586,2334353
15016991,208,1230,nospec,5530600,2206800
6010528,19,175,angdie,6192500,2611500
12012868,31,30,chefos,5928000,2409700
13516499,128,420,parcur,5633616,2268759
7017584,168,740,parane,6194000,2732500
13015209,133,520,onctsh,5843400,2454500
1010353,34,210,neohel,6642821,2588777
3014820,99,21,angaus,6392953,2709878
14062325,41,453,galpul,5475170,2276930
13506959,189,840,parcur,5688000,2315400
2005662,8,15,anguil,6480700,2644600
1006736,2,0,angaus,6661800,2559400
1016272,16,141,galfas,6617084,2562985
9012466,5,20,gobcot,5996983,2671869
2005413,0,1,angdie,6485100,2655700
12032845,68,130,anguil,5831600,2386800
6011988,59,90,retret,6186208,2652663
13508097,184,725,galvul,5679900,2313700
15048988,51,74,angdie,5449400,2121300
13507050,189,832,galvul,5687471,2315147
13521199,118,400,nospec,5604200,2289400
7036504,88,70,angdie,6105800,2725000
12034181,16,80,angdie,5824300,2353400
12030872,3,40,galbre,5844100,2356700
3015972,109,39,gamaff,6385874,2708669
13017605,141,630,parcur,5834465,2428997
NA,NA,NA,anguil,5803378,2322634
13011079,0,23,anguil,5859954,2554293
3042911,33,10,gobhut,6278900,2665700
3016083,105,15,neodiv,6385500,2700300
14049406,132,150,angdie,5517600,2223600
13062406,85,635,parane,5677407,2324128
7016698,180,880,oncmyk,6196795,2739941
2004186,1,29,parcur,6499671,2663232
0,1,5,galmac,5423400,2064600
13047869,16,8,gobbre,5737012,2477225
6010502,2,20,angdie,6194100,2584700
14030148,15,30,gobhub,5562400,2338900
14028492,21,58,saltru,5567454,2336238
1020188,7,78,galgra,6598619,2568986
14028602,204,513,angdie,5567052,2270372
2003518,7,15,angdie,6507100,2642300
11031124,85,1200,hyrmen,5916050,2563600
12006171,29,110,parcur,5961966,2440825
0,44,80,gobcot,6330156,2845285
13508846,162,575,nospec,5674000,2294100
6003757,11,160,galpos,6230600,2601500
14051304,98,230,galano,5510805,2281602
3012542,79,10,cypcar,6406000,2700800
3017058,113,18,angdie,6380720,2709994
13009520,7,60,galmac,5866500,2554600
3024596,184,48,gobiom,6342600,2697375
13034238,0,6,angdie,5780898,2491588
13506233,194,920,parane,5691339,2315518
9009845,103,310,oncmyk,6008600,2736900
1005231,49,95,angdie,6670100,2550400
6008166,119,177,angdie,6205782,2647690
5001523,4,15,gobcot,6368100,2993600
15061871,7,14,gobiom,5398636,2170703
13062208,79,610,galvul,5678856,2324708
13511419,144,480,parcur,5659415,2276728
11018038,49,150,angdie,5968800,2559900
7002623,307,190,gobiom,6270900,2699400
7036504,88,65,angaus,6106000,2724900
15053692,0,0,aldfor,5436900,2024400
3014329,92,15,gobcot,6395500,2705600
4009992,6,15,angaus,6342960,2888120
11012132,22,60,gobhut,5988300,2556100
15051115,80,107,angdie,5443430,2183176
10005904,0,40,hyrmen,6018440,2510435
6008530,101,160,gobbas,6204343,2633652
1009070,10,72,nospec,6649937,2571963
14062285,5,10,angdie,5475014,2309801
10011579,13,130,angdie,5990812,2540138
3000401,0,5,gobhut,6507200,2737400
1027300,1,20,gamaff,6540769,2615515
14058877,50,355,galeld,5486534,2312760
2002767,7,30,galmac,6516800,2657300
4004321,0,0,parcur,6365300,2832600
12003603,9,30,saltru,5988800,2439300
3000102,0,20,angaus,6517100,2719200
14041001,252,795,galaxi,5540852,2188851
1025218,8,52,angaus,6566972,2626583
14064925,77,104,angaus,5463586,2257657
12010326,97,190,gobbre,5937400,2448900
13063833,31,110,saltru,5666600,2354100
13506654,190,850,galpau,5688679,2315571
2004196,0,0,retret,6499800,2666800
12032160,2,10,parcur,5836200,2349600
4018355,62,160,angdie,6317200,2843100
14037958,6,39,saltru,5547738,2337069
12006210,9,38,angdie,5960625,2426572
14039782,303,680,galsps,5543600,2144300
1008869,26,80,gobbas,6651500,2591900
13058655,75,615,saltru,5699648,2348908
7006389,275,285,gobbas,6246300,2719100
14064380,0,59,galaxi,5466011,2298606
3012951,80,13,angaus,6403540,2701832
2005154,0,20,gobiom,6488100,2696500
2001026,6,80,angdie,6543800,2665400
3009666,73,130,parane,6421500,2756000
3013157,83,11,gobcot,6401513,2699606
14072335,1,20,parane,5416000,2263100
13009319,1,19,angdie,5866415,2561898
12012596,18,40,galpos,5929170,2400655
15059618,77,98,galsps,5414319,2211729
1000794,2,10,gobgob,6734100,2504800
3015193,105,24,galarg,6390722,2712936
9013261,4,80,angdie,5993850,2658600
13061646,18,90,angdie,5681900,2383700
15059752,27,39,galaxi,5412384,2174114
2003834,1,28,galfas,6503777,2664247
4019036,68,150,oncmyk,6312219,2840333
6010568,38,190,galfas,6193700,2632000
14019698,284,500,saltru,5587600,2196000
12024696,42,70,gobhut,5876600,2389500
7049035,17,180,salmo,6049813,2701712
9011569,44,180,saltru,6001700,2684700
14035482,156,335,saltru,5552755,2293805
13520905,67,205,galvul,5607400,2311300
3003286,31,560,anguil,6458724,2751540
13507402,185,793,galvul,5685352,2314084
13519170,86,610,hyrmen,5619745,2313086
3005452,16,60,galfas,6440900,2758400
0,16,50,nospec,5586270,2349841
2006041,1,30,nospec,6476485,2657289
12025063,44,90,galdiv,5875600,2393700
13063387,38,140,gobbre,5668700,2349600
4006288,8,60,gobcot,6355900,2914700
3000012,2,27,galaxi,6521655,2722322
9011409,6,88,parane,6002015,2661823
10013065,2,20,angdie,5984703,2526815
0,49,470,angdie,6216400,2610400
1024104,19,75,angdie,6574549,2633319
15061532,11,6,galarg,5399494,2176731
14027076,196,420,gobbre,5569700,2235500
1007263,10,110,galfas,6657898,2573068
3020287,136,70,saltru,6364500,2764000
2005978,11,60,angdie,6477000,2650000
2008073,39,170,angaus,6456722,2700222
4019019,67,150,gobcot,6312815,2841220
13516746,122,427,gobbre,5632332,2273719
7003019,274,240,gobbas,6268400,2709900
14028492,21,58,galcob,5567455,2336065
13065453,54,380,gobbre,5651600,2338000
3008315,33,10,hyrmen,6427613,2745081
10009633,6,40,anguil,5999148,2543411
NA,NA,NA,caraur,6520570,2621543
3021441,144,50,angaus,6358700,2713800
3033927,16,90,parane,6309477,2661450
7048291,17,100,galpos,6054600,2703500
2007958,0,6,parane,6457940,2675240
3024075,172,190,oncmyk,6344900,2763200
13516552,126,410,gobcot,5633200,2270300
6008378,19,340,saltru,6201700,2596900
14062099,44,490,salfon,5475900,2278400
14029204,25,77,nospec,5566199,2334036
4012621,49,140,oncmyk,6335100,2822600
0,8,100,gobcot,6223200,2588500
4003155,20,130,parcur,6371600,2775800
6005303,35,440,parane,6219500,2607900
13062111,50,240,angdie,5678800,2348200
6005065,25,330,anguil,6223206,2606655
4005896,6,10,gobhut,6357400,2839700
14050130,249,830,saltru,5515200,2271000
4001685,2,10,galmac,6380108,2787083
2008331,36,170,angaus,6454470,2699600
13050464,65,375,saltru,5727280,2384045
11009446,37,60,angdie,6000000,2562400
9011520,35,3,galmac,6001800,2704300
14062481,41,505,galpul,5474640,2278079
1010353,34,210,neohel,6642821,2588777
9004873,1,13,angaus,6030497,2677882
4005043,6,40,angaus,6361300,2830200
4006069,5,3,gobgob,6356500,2848700
0,33,2,gobcot,6418700,2740600
3012541,78,11,retret,6404718,2700638
5013842,37,112,galbre,6256960,2926106
2003052,2,20,parane,6513100,2659900
12031167,53,90,angdie,5842500,2387300
13507044,189,840,hyrmen,5687753,2315417
14020191,234,960,parcur,5586300,2241800
3017057,112,23,gobhut,6380274,2710499
2001696,6,44,angaus,6533009,2658255
3017882,128,40,gobcot,6376182,2716679
3007191,35,10,parane,6433000,2686000
12040993,9,5,galmac,5776100,2286600
15048468,28,45,angdie,5451100,2100800
3012434,78,13,angaus,6405089,2700828
13524507,1,1,gobgob,5584000,2363000
1008041,5,4,angdie,6655486,2570356
14058877,50,355,galeld,5485553,2312357
13051608,29,7,gobcot,5723021,2473242
3007666,24,9,angaus,6430615,2744943
0,13,80,angdie,6526700,2657900
14045363,156,408,galbre,5530222,2217898
13009210,21,274,gobcot,5868021,2543046
2003019,2,20,gobhut,6513900,2660650
3007572,21,10,gamaff,6431100,2675100
13056853,0,0,gobhut,5708000,2505600
10011749,1,22,angdie,5989525,2530954
13046584,121,641,galpro,5740958,2329293
13037879,0,3,galmac,5769137,2486602
3015715,103,15,galmac,6387422,2703827
8019690,64,210,angdie,6206500,2826100
8014212,4,1,anguil,6230200,2905800
14072759,10,10,gobcot,5411800,2252600
13511137,148,519,saltru,5660905,2273633
15049604,48,65,saltru,5445771,2120767
2005514,4,40,parcur,6483100,2652300
14019211,224,280,nospec,5589600,2219400
3003838,5,30,gobcot,6454300,2764900
12022238,67,140,saltru,5889300,2404100
12042092,10,50,galpos,5768500,2286200
1008264,30,139,gobiom,6653918,2588383
13502998,213,725,galbre,5715300,2311200
2005777,3,50,parcur,6478700,2653600
14041943,140,417,galano,5538793,2292684
12028192,12,30,gobhut,5859700,2371100
1025150,10,44,galfas,6568190,2628487
3014572,94,15,gamaff,6393200,2700700
14065805,99,126,parane,5458840,2218813
15034889,103,310,gobbre,5485500,2129800
3003660,3,40,parane,6455600,2765300
4002226,7,15,galfas,6376600,2785200
13510725,161,520,gobbre,5663547,2307635
13004942,232,1020,galspn,5886100,2504700
0,0,5,gobhut,6492620,2749048
13504335,204,1080,galpro,5704234,2297474
14069235,116,160,galaxi,5440592,2213200
7045750,5,20,angdie,6064832,2698665
13058486,0,3,chefos,5701000,2445700
14014822,252,740,oncmyk,5601939,2263390
15012843,0,5,galbre,5544166,2037605
3017882,128,40,parane,6376182,2716679
15000860,3,1,retret,5635800,2113000
3036016,114,140,neodiv,6303215,2689142
2005738,6,50,galfas,6479800,2649800
14040432,150,440,galdep,5542191,2302562
14032872,9,10,gobcot,5558400,2340200
2006990,5,120,angdie,6466100,2644300
13051142,72,440,gobbre,5724700,2375300
3015297,107,25,parane,6389900,2713100
1010353,34,210,nospec,6642768,2588784
3026834,205,50,retret,6333416,2712825
15054780,14,80,saltru,5433100,2065800
3023556,184,145,gobcot,6347800,2759295
3017057,112,23,angaus,6380274,2710499
15021682,0,5,gobhut,5518120,2029648
1010353,34,210,nospec,6642821,2588777
2003099,2,18,galfas,6512900,2660200
13035357,117,720,oncmyk,5777194,2404968
13039605,141,610,parcur,5763200,2358800
12030093,101,200,galbre,5849000,2400100
8025568,0,6,angaus,6166360,2852342
4000089,6,30,gobhut,6411300,2768200
14072629,31,120,parane,5412600,2238600
1008374,3,48,gobhut,6653496,2607349
0,67,205,gobcot,5606100,2309500
15054636,1,2,retret,5433400,2092800
12035794,23,25,gobcot,5813900,2346900
10001434,4,60,parcur,6047633,2484359
14036781,300,650,parane,5549500,2138800
14051457,157,729,galspt,5509296,2240430
3039481,279,290,parcur,6292452,2789901
3013947,87,22,retret,6397770,2700250
1015696,124,91,neodiv,6619783,2621448
3007882,47,5,cypcar,6430000,2693198
14064277,27,352,saltru,5466535,2276362
3013041,82,13,gamaff,6402975,2699377
1006538,2,18,hyrmen,6663800,2603200
13046584,121,641,galbre,5740958,2329293
2005364,0,40,nospec,6486000,2664200
6014351,35,46,gobcot,6171846,2645778
14033219,222,560,parane,5557635,2257545
13058486,0,3,chefos,5701000,2445700
13047869,16,5,parane,5736647,2477664
15049679,50,59,angdie,5446734,2119244
14064840,69,53,angdie,5463873,2236940
9007826,85,70,angdie,6017278,2719899
12030118,16,80,gobhub,5849200,2368000
3015147,70,19,angaus,6390800,2734400
7047302,25,100,gobbre,6058200,2708500
12048606,3,40,angdie,5714845,2209910
0,1,0,gobiom,6509120,2735670
3032527,218,172,gobcot,6312814,2753894
15057965,34,65,angdie,5421785,2175832
3018208,124,15,oncmyk,6374000,2714900
3016930,114,18,galaxi,6381106,2710435
13507779,193,605,galbre,5682933,2254564
13038367,2,4,gobiom,5767743,2485825
13048098,103,500,gobbre,5734942,2341684
14047832,144,135,saltru,5522900,2221900
12045558,18,20,galarg,5741400,2255000
3007122,10,30,anguil,6433100,2716550
14043209,130,386,nospec,5535629,2292083
13067601,4,3,gobcot,5621953,2364091
13039609,85,451,angdie,5763251,2417671
14057140,1,2,gobhub,5492500,2320900
7040881,79,80,angdie,6084688,2735411
1018445,2,9,parcur,6607797,2629721
2003361,3,20,parane,6509300,2673700
13058486,0,2,onctsh,5700700,2446400
4001746,1,10,galmac,6379800,2932400
14067523,28,90,parane,5450300,2280600
13060858,0,26,gobbre,5682042,2410640
13033246,1,2,gobcot,5784100,2493100
14013199,260,425,saltru,5607100,2234700
0,0,1,parcur,6375300,2678800
13044998,29,25,scaery,5746200,2474900
14062339,42,552,galpul,5475126,2279349
1020188,7,78,galgra,6599056,2570477
0,30,95,angaus,5589163,2337538
13037879,0,3,galmac,5769299,2486606
7048087,187,320,saltru,6055500,2725900
13037671,58,270,gobbre,5767731,2440553
3010099,66,9,cypcar,6419389,2705982
3012542,79,10,cypcar,6405700,2700600
12031355,4,24,angdie,5841000,2356100
3000128,0,5,gobhut,6516600,2732700
13064169,13,25,parcur,5664170,2370588
13512205,187,750,hyrmen,5654964,2239029
13504074,206,1122,galpau,5706213,2297618
3018922,143,41,angaus,6371370,2705829
14020669,227,465,saltru,5583640,2260800
14073929,0,29,parane,5397563,2237859
14029204,25,77,galvul,5566073,2333937
11017427,22,40,galmac,5970100,2577100
15016693,187,595,galpau,5531440,2134567
1010353,34,210,neohel,6642821,2588777
15023494,199,408,galsps,5513316,2155455
2005787,0,20,galfas,6479100,2672500
3023515,171,30,oncmyk,6348100,2700000
10002611,3,8,galmac,6038965,2494420
1013099,38,141,gobcot,6631145,2585960
2005978,11,55,parane,6477000,2650000
0,33,5,gobcot,6417000,2734000
14060527,69,516,saltru,5481465,2255530
9009883,1,69,galfas,6007024,2668752
14052257,7,5,galmac,5508400,2324600
3013040,82,27,scaery,6401455,2698592
13064793,9,15,gobbre,5659000,2371600
NA,NA,NA,angaus,5734888,2474221
9000896,3,10,chefos,6046613,2690276
14054540,106,70,saltru,5499900,2229300
2003019,2,15,parane,6513900,2660650
10000140,2,55,parane,6072400,2476500
7046324,9,12,gobiom,6062484,2700073
12035837,5,8,angaus,5813480,2332803
14024384,222,765,saltru,5576414,2234487
2004807,6,40,galaxi,6492692,2666241
3039365,99,75,hyrmen,6292687,2681085
4002578,0,0,galmac,6374700,2816600
9005308,16,140,anguil,6027900,2685200
14072191,1,60,gobcot,5417750,2261448
14037255,9,52,gobbre,5548682,2335767
